Category,Chatbot Avg,GPT-4o-mini Avg
technical_sophistication,4.256410256410256,2.871794871794872
optimization_insight,3.717948717948718,2.0
complexity_analysis,3.948717948717949,2.5641025641025643
system_level_integration,2.923076923076923,1.5128205128205128
research_connections,2.641025641025641,1.205128205128205
total,17.487179487179485,10.153846153846153
