Category,Chatbot Avg,GPT-4o-mini Avg
technical_accuracy_depth,4.615384615384615,3.8461538461538463
implementation_focus,4.717948717948718,2.871794871794872
algorithmic_analysis,4.3076923076923075,3.2051282051282053
conceptual_connections,4.0256410256410255,3.3846153846153846
progressive_advancement,4.461538461538462,3.0256410256410255
total,22.128205128205128,16.333333333333332
