Category,Chatbot Avg,GPT-4o-mini Avg
technical_accuracy,4.888888888888889,4.7407407407407405
beginner_accessibility,4.962962962962963,3.185185185185185
clarity_examples,5.0,3.4814814814814814
educational_value,4.925925925925926,3.814814814814815
practical_application,4.62962962962963,3.4814814814814814
total,24.40740740740741,18.703703703703702
